10cc,Sheet Music
13th Floor Elevators,The Psychedelic Sounds of the 13th Floor Elevators
2Pac,All Eyez on Me
2Pac,Me Against the World
2Pac,The Don Killuminati: The 7 Day Theory
A Certain Ratio,Early
A Tribe Called Quest,Midnight Marauders
A Tribe Called Quest,People's Instinctive Travels and the Paths of Rhythm
A Tribe Called Quest,The Low End Theory
A Tribe Called Quest,We Got It from Here... Thank You 4 Your Service
Aaliyah,Aaliyah
Aaliyah,One in a Million
ABBA,Arrival
ABBA,The Visitors
ABBA,Voulez-Vous
ABC,The Lexicon of Love
AC/DC,Back in Black
AC/DC,Highway to Hell
AC/DC,Let There Be Rock
AC/DC,Powerage
Adam and the Ants,Kings of the Wild Frontier
Adele,21
Adele,25
Aerosmith,Rocks
Aerosmith,Toys in the Attic
Air,Moon Safari
Air,The Virgin Suicides
Al Green,Call Me
Al Green,I'm Still in Love with You
Al Green,Let's Stay Together
Al Green,The Al Green Explores Your Mind
Alain Bashung,Fantaisie Militaire
Alanis Morissette,Jagged Little Pill
Albert Ayler,Spiritual Unity
Albert King,Born Under a Bad Sign
Alexander Skip Spence,Oar
Alice Cooper,Billion Dollar Babies
Alice Cooper,Killer
Alice Cooper,School's Out
Alice in Chains,Dirt
Alice in Chains,Facelift
Alice in Chains,Jar of Flies
Alison Krauss & Union Station,New Favorite
Allman Brothers Band,At Fillmore East
Allman Brothers Band,Eat a Peach
Allman Brothers Band,The Allman Brothers Band
alt-J,An Awesome Wave
Amy Winehouse,Back to Black
Amy Winehouse,Frank
Ananda Shankar,Ananda Shankar
Anderson.Paak,Malibu
Andrew Hill,Point of Departure
Angel Olsen,All Mirrors
Angel Olsen,Burn Your Fire for No Witness
Angel Olsen,My Woman
Animal Collective,Feels
Animal Collective,Merriweather Post Pavilion
Animal Collective,Strawberry Jam
Anohni,Hopelessness
Antony and the Johnsons,I Am a Bird Now
Aphex Twin,Richard D. James Album
Aphex Twin,Selected Ambient Works 85-92
Aphex Twin,Selected Ambient Works Volume II
Fiona Apple,Fetch the Bolt Cutters
Fiona Apple,The Idler Wheel Is Wiser Than the Driver of the Screw and Whipping Cords Will Serve You More Than Ropes Will Ever Do
Fiona Apple,Tidal
Fiona Apple,"When the Pawn Hits the Conflicts He Thinks Like a King What He Knows Throws the Blows When He Goes to the Fight and He'll Win the Whole Thing 'fore He Enters the Ring There's No Body to Batter When Your Mind Is Your Might So When You Go Solo, You Hold Your Own Hand and Remember That Depth Is the Greatest of Heights and If You Know Where You Stand, Then You Know Where to Land and If You Fall It Won't Matter, Cuz You'll Know That You're Right"
Arcade Fire,Funeral
Arcade Fire,Neon Bible
Arcade Fire,The Suburbs
Arctic Monkeys,AM
Arctic Monkeys,Favourite Worst Nightmare
Arctic Monkeys,"Whatever People Say I Am, That's What I'm Not"
Aretha Franklin,Amazing Grace
Aretha Franklin,I Never Loved a Man the Way I Love You
Aretha Franklin,Lady Soul
Aretha Franklin,Spirit in the Dark
Aretha Franklin,"Young, Gifted and Black"
Ariel Pink's Haunted Graffiti,Before Today
Arrested Development,"3 Years, 5 Months & 2 Days in the Life Of..."
Art Blakey and the Jazz Messengers,Moanin'
Arthur Russell,World of Echo
Ash,1977
Astrud Gilberto,Beach Samba
Autechre,Tri Repetae
"Avalanches, The",Since I Left You
B.B. King,Live at the Regal
Bad Brains,Bad Brains
Bad Company,Bad Company
Badly Drawn Boy,The Hour of Bewilderbeast
Barry Adamson,Oedipus Schmoedipus
Basement Jaxx,Remedy
Bauhaus,In the Flat Field
"Beach Boys, The",Pet Sounds
"Beach Boys, The",Surf's Up
"Beach Boys, The",The Beach Boys Today!
Beach House,Bloom
Beach House,Teen Dream
Beastie Boys,Check Your Head
Beastie Boys,Ill Communication
Beastie Boys,Licensed to Ill
Beastie Boys,Paul's Boutique
"Beatles, The",A Hard Day's Night
"Beatles, The",Abbey Road
"Beatles, The",Help!
"Beatles, The",Let It Be
"Beatles, The",Magical Mystery Tour
"Beatles, The",Revolver
"Beatles, The",Rubber Soul
"Beatles, The",Sgt. Pepper's Lonely Hearts Club Band
"Beatles, The",The Beatles (White Album)
"Beatles, The",With the Beatles
"Beau Brummels, The",Triangle
Bebel Gilberto,Tanto Tempo
Beck,Mellow Gold
Beck,Morning Phase
Beck,Odelay
Beck,Sea Change
"Bee Gees, The",Odessa
"Bee Gees, The",Trafalgar
Belle and Sebastian,If You're Feeling Sinister
Belle and Sebastian,The Boy with the Arab Strap
Belle and Sebastian,Tigermilk
Bert Jansch,Bert Jansch
Beth Orton,Central Reservation
Beyoncé,Beyoncé
Beyoncé,Cowboy Carter
Beyoncé,Lemonade
Big Brother and the Holding Company,Cheap Thrills
Big Star,#1 Record
Big Star,Radio City
Big Star,Third/Sister Lovers
Billie Eilish,"When We All Fall Asleep, Where Do We Go?"
Billie Holiday,Lady in Satin
Billy Bragg,Worker's Playtime
Billy Joel,The Stranger
Björk,Debut
Björk,Homogenic
Björk,Post
Björk,Vespertine
Black Flag,Damaged
Black Sabbath,Black Sabbath
Black Sabbath,Master of Reality
Black Sabbath,Paranoid
Black Sabbath,Sabbath Bloody Sabbath
Black Sabbath,Vol. 4
Blind Faith,Blind Faith
Bloc Party,Silent Alarm
Blondie,Eat to the Beat
Blondie,Parallel Lines
"Blood, Sweat & Tears","Blood, Sweat & Tears"
Blue Cheer,Vincebus Eruptum
Blur,13
Blur,Blur
Blur,Modern Life Is Rubbish
Blur,Parklife
Bob Dylan,Blood on the Tracks
Bob Dylan,Blonde on Blonde
Bob Dylan,Bringing It All Back Home
Bob Dylan,Desire
Bob Dylan,Highway 61 Revisited
Bob Dylan,John Wesley Harding
Bob Dylan,The Freewheelin' Bob Dylan
Bob Dylan,Time Out of Mind
Bob Marley and the Wailers,Burnin'
Bob Marley and the Wailers,Catch a Fire
Bob Marley and the Wailers,Exodus
Bob Marley and the Wailers,Natty Dread
Bob Marley and the Wailers,Uprising
Bobby Bland,Two Steps from the Blues
Bon Iver,"Bon Iver, Bon Iver"
Bon Iver,"For Emma, Forever Ago"
Booker T. & the M.G.'s,Green Onions
Boris,Boris at Last -Feedbacker-
Boris,Pink
Boston,Boston
Brian Eno,Ambient 1: Music for Airports
Brian Eno,Another Green World
Brian Eno,Before and After Science
Brian Eno,Here Come the Warm Jets
Brian Eno & David Byrne,My Life in the Bush of Ghosts
Brian Wilson,SMiLE
Bright Eyes,"I'm Wide Awake, It's Morning"
Broadcast,The Noise Made by People
Broken Social Scene,You Forgot It in People
Bruce Springsteen,Born in the U.S.A.
Bruce Springsteen,Born to Run
Bruce Springsteen,Darkness on the Edge of Town
Bruce Springsteen,Nebraska
Bruce Springsteen,The River
Buck Owens,I've Got a Tiger By the Tail
Buena Vista Social Club,Buena Vista Social Club
Buffalo Springfield,Buffalo Springfield Again
Burial,Untrue
Burning Spear,Marcus Garvey
Buzzcocks,Singles Going Steady
"Byrds, The",Fifth Dimension
"Byrds, The",Mr. Tambourine Man
"Byrds, The",Sweetheart of the Rodeo
"Byrds, The",The Notorious Byrd Brothers
"Byrds, The",Turn! Turn! Turn!
"Byrds, The",Younger Than Yesterday
Caetano Veloso,Caetano Veloso (1968)
Caetano Veloso,Transa
Camp Lo,Uptown Saturday Night
Can,Ege Bamyasi
Can,Future Days
Can,Tago Mago
Captain Beefheart and His Magic Band,Safe as Milk
Captain Beefheart and His Magic Band,Trout Mask Replica
Caribou,Swim
Carly Rae Jepsen,Emotion
Carole King,Tapestry
"Carpenters, The",Close to You
Cat Stevens,Tea for the Tillerman
Charles Mingus,Ah Um
Charles Mingus,The Black Saint and the Sinner Lady
Cheap Trick,In Color
"Chemical Brothers, The",Dig Your Own Hole
"Chemical Brothers, The",Exit Planet Dust
"Chemical Brothers, The",Surrender
Chic,Risqué
Chicago,The Chicago Transit Authority
Circle Jerks,Group Sex
"Clash, The",London Calling
"Clash, The",Sandinista!
"Clash, The",The Clash
Clipse,Hell Hath No Fury
Cocteau Twins,Heaven or Las Vegas
Cocteau Twins,Treasure
Coldplay,A Rush of Blood to the Head
Coldplay,Parachutes
Common,Be
Common,Like Water for Chocolate
Cornershop,When I Was Born for the 7th Time
Count Basie,The Atomic Mr. Basie
Country Joe and the Fish,Electric Music for the Mind and Body
"Cramps, The",Songs the Lord Taught Us
Cream,Disraeli Gears
Cream,Wheels of Fire
Creedence Clearwater Revival,Cosmo's Factory
Creedence Clearwater Revival,Green River
Creedence Clearwater Revival,Willy and the Poor Boys
"Crickets, The","The ""Chirping"" Crickets"
"Crosby, Stills & Nash","Crosby, Stills & Nash"
"Crosby, Stills, Nash & Young",Déjà Vu
"Cure, The",Disintegration
"Cure, The",Pornography
"Cure, The",Seventeen Seconds
"Cure, The",The Head on the Door
Curtis Mayfield,Curtis
Curtis Mayfield,Superfly
Curtis Mayfield,There's No Place Like America Today
D'Angelo,Brown Sugar
D'Angelo,Voodoo
D'Angelo and the Vanguard,Black Messiah
Daft Punk,Discovery
Daft Punk,Homework
Daft Punk,Random Access Memories
Damien Rice,O
Danny Brown,Atrocity Exhibition
Dave Brubeck Quartet,Time Out
David Ackles,American Gothic
David Bowie,"""Heroes"""
David Bowie,Aladdin Sane
David Bowie,Blackstar
David Bowie,Hunky Dory
David Bowie,Low
David Bowie,Station to Station
David Bowie,The Rise and Fall of Ziggy Stardust and the Spiders from Mars
David Crosby,If I Could Only Remember My Name
David Holmes,Let's Get Killed
De La Soul,3 Feet High and Rising
De La Soul,De La Soul Is Dead
Dead Kennedys,Fresh Fruit for Rotting Vegetables
Death Cab for Cutie,Transatlanticism
Death in Vegas,The Contino Sessions
Deep Purple,Deep Purple in Rock
Deep Purple,Machine Head
Deep Purple,Made in Japan
Deerhunter,Halcyon Digest
Deftones,White Pony
Dennis Wilson,Pacific Ocean Blue
Depeche Mode,Music for the Masses
Depeche Mode,Violator
Derek and the Dominos,Layla and Other Assorted Love Songs
Destiny's Child,The Writing's on the Wall
Devo,Q: Are We Not Men? A: We Are Devo!
Dexys Midnight Runners,Searching for the Young Soul Rebels
Diana Ross,Diana
Dinosaur Jr.,You're Living All Over Me
Dion,Born to Be with You
Dire Straits,Brothers in Arms
Dire Straits,Dire Straits
Disclosure,Settle
Dizzee Rascal,Boy in da Corner
DJ Shadow,Endtroducing.....
Dolly Parton,Coat of Many Colors
Don McLean,American Pie
Donovan,Sunshine Superman
"Doors, The",L.A. Woman
"Doors, The",Morrison Hotel
"Doors, The",Strange Days
"Doors, The",The Doors
Dr. Dre,2001
Dr. Dre,The Chronic
Dr. John,Gris-Gris
Dr. Octagon,Dr. Octagonecologyst
Drake,Take Care
Duke Ellington,Ellington at Newport
Dusty Springfield,A Girl Called Dusty
Dusty Springfield,Dusty in Memphis
"Eagles, The",Hotel California
"Eagles, The",The Eagles
"Earth, Wind & Fire",That's the Way of the World
Echo & the Bunnymen,Crocodiles
Echo & the Bunnymen,Ocean Rain
"Eels, The",Beautiful Freak
"Electric Prunes, The",I Had Too Much to Dream (Last Night)
Elliott Smith,Either/Or
Elliott Smith,Elliott Smith
Elliott Smith,Figure 8
Elliott Smith,XO
Elton John,Captain Fantastic and the Brown Dirt Cowboy
Elton John,Goodbye Yellow Brick Road
Elton John,Madman Across the Water
Elton John,Tumbleweed Connection
Elvis Costello,Armed Forces
Elvis Costello,My Aim Is True
Elvis Costello,This Year's Model
Elvis Presley,Elvis Is Back!
Elvis Presley,Elvis Presley
Elvis Presley,From Elvis in Memphis
"Emerson, Lake & Palmer",Pictures at an Exhibition
"Emerson, Lake & Palmer",Tarkus
Eminem,The Marshall Mathers LP
Eminem,The Slim Shady LP
Emmylou Harris,Pieces of the Sky
Emmylou Harris,Red Dirt Girl
Eric B. & Rakim,Paid in Full
Eric Clapton,461 Ocean Boulevard
Erykah Badu,Baduizm
Erykah Badu,Mama's Gun
Etta James,At Last!
Eurythmics,Sweet Dreams (Are Made of This)
"Everly Brothers, The",A Date with The Everly Brothers
Everything But the Girl,Walking Wounded
"Faces, The",A Nod Is As Good As a Wink... to a Blind Horse
Fairport Convention,Liege & Lief
Fairport Convention,Unhalfbricking
Faith No More,Angel Dust
Faith No More,The Real Thing
Fatboy Slim,Better Living Through Chemistry
Fatboy Slim,"You've Come a Long Way, Baby"
Fats Domino,This Is Fats Domino!
Faust,Faust IV
Fela Kuti,Expensive Shit
Fela Kuti,Zombie
Fela Kuti and Ginger Baker,Live!
Finlay Quaye,Maverick A Strike
FKA twigs,LP1
FKA twigs,Magdalene
"Flamin' Groovies, The",Teenage Head
"Flaming Lips, The",The Soft Bulletin
"Flaming Lips, The",Yoshimi Battles the Pink Robots
Fleetwood Mac,Fleetwood Mac
Fleetwood Mac,Rumours
Fleetwood Mac,Tusk
Fleet Foxes,Fleet Foxes
Fleet Foxes,Helplessness Blues
"Flying Burrito Brothers, The",The Gilded Palace of Sin
Flying Lotus,Cosmogramma
Foo Fighters,The Colour and the Shape
Frank Ocean,Blonde
Frank Ocean,Channel Orange
Frank Sinatra,In the Wee Small Hours
Frank Sinatra,Songs for Swingin' Lovers!
Frank Sinatra & Antonio Carlos Jobim,Francis Albert Sinatra & Antonio Carlos Jobim
Frank Zappa,Hot Rats
Frank Zappa and the Mothers of Invention,Freak Out!
Frank Zappa and the Mothers of Invention,We're Only in It for the Money
Franz Ferdinand,Franz Ferdinand
Fred Neil,Fred Neil
Fugazi,13 Songs
Fugazi,Repeater
"Fugees, The",The Score
"Fun Lovin' Criminals, The",Come Find Yourself
Funkadelic,Maggot Brain
Funkadelic,One Nation Under a Groove
Gang of Four,Entertainment!
Gary Numan,The Pleasure Principle
Gene Clark,No Other
Gene Clark,White Light
Genesis,Foxtrot
Genesis,Selling England by the Pound
Genesis,The Lamb Lies Down on Broadway
George Harrison,All Things Must Pass
George Jones,The Grand Tour
George Michael,Faith
George Michael,Listen Without Prejudice Vol. 1
Giant Sand,Chore of Enchantment
Gil Scott-Heron,Pieces of a Man
Gil Scott-Heron & Brian Jackson,Winter in America
Godspeed You! Black Emperor,F# A# ∞
Godspeed You! Black Emperor,Lift Your Skinny Fists Like Antennas to Heaven
Goldfrapp,Felt Mountain
Gorillaz,Demon Days
Gorillaz,Gorillaz
Gram Parsons,Grievous Angel
Grandmaster Flash and the Furious Five,The Message
"Grateful Dead, The",American Beauty
"Grateful Dead, The",Live/Dead
"Grateful Dead, The",Workingman's Dead
Green Day,American Idiot
Green Day,Dookie
Grimes,Art Angels
Grimes,Visions
Guns N' Roses,Appetite for Destruction
GZA/Genius,Liquid Swords
Haim,Days Are Gone
Harry Nilsson,Nilsson Schmilsson
Hawkwind,Space Ritual
Herbie Hancock,Head Hunters
Hijokaidan,Zouroku no Kibyou
Hole,Celebrity Skin
Hole,Live Through This
Hot Chip,The Warning
Hugh Masekela,Home Is Where the Music Is
"Human League, The",Dare
Hüsker Dü,Zen Arcade
Ichiko Aoba,Adan no Kaze
Iggy and The Stooges,Raw Power
Iggy Pop,Lust for Life
Iggy Pop,The Idiot
Incubus,Make Yourself
"Incredible String Band, The",The Hangman's Beautiful Daughter
Interpol,Turn on the Bright Lights
Iron Butterfly,In-A-Gadda-Da-Vida
Iron Maiden,Iron Maiden
Iron Maiden,The Number of the Beast
Isaac Hayes,Hot Buttered Soul
Isaac Hayes,Shaft
"Isley Brothers, The",3 + 3
J Dilla,Donuts
Jacques Brel,Olympia 64
"Jam, The",All Mod Cons
"Jam, The",Sound Affects
James Brown,Live at the Apollo
James Taylor,Sweet Baby James
Janelle Monáe,Dirty Computer
Janelle Monáe,The ArchAndroid
Jane's Addiction,Nothing's Shocking
Jane's Addiction,Ritual de lo Habitual
Janis Joplin,Pearl
Japandroids,Celebration Rock
Jay-Z,Reasonable Doubt
Jay-Z,The Black Album
Jay-Z,The Blueprint
Jeff Beck,Truth
Jeff Buckley,Grace
Jefferson Airplane,Surrealistic Pillow
"Jesus and Mary Chain, The",Psychocandy
Jethro Tull,Aqualung
"Jimi Hendrix Experience, The",Are You Experienced
"Jimi Hendrix Experience, The",Axis: Bold as Love
"Jimi Hendrix Experience, The",Electric Ladyland
Jimmy Smith,Back at the Chicken Shack
Joan Baez,Joan Baez
Joanna Newsom,Have One on Me
Joanna Newsom,The Milk-Eyed Mender
Joanna Newsom,Ys
John Cale,Paris 1919
John Coltrane,A Love Supreme
John Coltrane,Blue Train
John Coltrane,Giant Steps
John Lennon,Imagine
John Lennon,John Lennon/Plastic Ono Band
John Martyn,Solid Air
John Mayall with Eric Clapton,Blues Breakers with Eric Clapton
John Prine,John Prine
Johnny Cash,American IV: The Man Comes Around
Johnny Cash,At Folsom Prison
Johnny Cash,At San Quentin
Jon Spencer Blues Explosion,Now I Got Worry
Joni Mitchell,Blue
Joni Mitchell,Court and Spark
Joni Mitchell,Hejira
Joni Mitchell,The Hissing of Summer Lawns
Joy Division,Closer
Joy Division,Unknown Pleasures
Judas Priest,British Steel
Julia Holter,Have You in My Wilderness
Justice,†
Kacey Musgraves,Golden Hour
Kanye West,808s & Heartbreak
Kanye West,Late Registration
Kanye West,My Beautiful Dark Twisted Fantasy
Kanye West,The College Dropout
Kanye West,Yeezus
Kate Bush,Hounds of Love
Kate Bush,The Dreaming
Kate Bush,The Kick Inside
Keith Jarrett,The Köln Concert
Kendrick Lamar,DAMN.
Kendrick Lamar,"good kid, m.A.A.d city"
Kendrick Lamar,To Pimp a Butterfly
Khaled,Kenza
Kid Rock,Devil Without a Cause
King Crimson,In the Court of the Crimson King
King Crimson,Larks' Tongues in Aspic
King Crimson,Red
"Kinks, The",Arthur (Or the Decline and Fall of the British Empire)
"Kinks, The",Face to Face
"Kinks, The",Something Else by The Kinks
"Kinks, The",The Kinks Are the Village Green Preservation Society
Kiss,Destroyer
"Knife, The",Silent Shout
Korn,Follow the Leader
Kraftwerk,Autobahn
Kraftwerk,Computer World
Kraftwerk,The Man-Machine
Kraftwerk,Trans-Europe Express
L7,Bricks Are Heavy
Lambchop,Nixon
Lana Del Rey,Born to Die
Lana Del Rey,Norman Fucking Rockwell!
Laura Nyro,Eli and the Thirteenth Confession
Lauryn Hill,The Miseducation of Lauryn Hill
LCD Soundsystem,Sound of Silver
LCD Soundsystem,This Is Happening
Le Tigre,Le Tigre
Led Zeppelin,Houses of the Holy
Led Zeppelin,Led Zeppelin
Led Zeppelin,Led Zeppelin II
Led Zeppelin,Led Zeppelin III
Led Zeppelin,Led Zeppelin IV
Led Zeppelin,Physical Graffiti
Leftfield,Leftism
Leonard Cohen,I'm Your Man
Leonard Cohen,Songs from a Room
Leonard Cohen,Songs of Leonard Cohen
Leonard Cohen,Songs of Love and Hate
Les Rythmes Digitales,Darkdancer
"Libertines, The",Up the Bracket
Limp Bizkit,Chocolate Starfish and the Hot Dog Flavored Water
Linkin Park,Hybrid Theory
Little Richard,Here's Little Richard
Lorde,Melodrama
Lorde,Pure Heroine
Loretta Lynn,Don't Come Home a Drinkin' (With Lovin' on Your Mind)
Lou Reed,Berlin
Lou Reed,Transformer
Louis Prima,The Wildest!
"Louvin Brothers, The",Tragic Songs of Life
Love,Da Capo
Love,Forever Changes
LTJ Bukem,Logical Progression
Lucinda Williams,Car Wheels on a Gravel Road
Lynyrd Skynyrd,(Pronounced 'Lĕh-'nérd 'Skin-'nérd)
M.I.A.,Arular
M.I.A.,Kala
M83,"Hurry Up, We're Dreaming"
Machito,Kenya
Madonna,Like a Prayer
Madonna,Music
Madonna,Ray of Light
Madvillain,Madvillainy
"Magnetic Fields, The",69 Love Songs
"Mamas and the Papas, The",If You Can Believe Your Eyes and Ears
Manassas,Manassas
Manic Street Preachers,Everything Must Go
Manic Street Preachers,The Holy Bible
Manu Chao,Clandestino
Mariah Carey,Butterfly
Marilyn Manson,Antichrist Superstar
Marty Robbins,Gunfighter Ballads and Trail Songs
Marvin Gaye,Let's Get It On
Marvin Gaye,What's Going On
Massive Attack,Blue Lines
Massive Attack,Mezzanine
Mastodon,Leviathan
Maxwell,Maxwell's Urban Hang Suite
"MC5, The",Kick Out the Jams
Megadeth,Rust in Peace
Mercury Rev,Deserter's Songs
Merle Haggard,I'm a Lonesome Fugitive
Metallica,Master of Puppets
Metallica,Metallica (The Black Album)
Metallica,Ride the Lightning
MF DOOM,Operation: Doomsday
MGMT,Oracular Spectacular
Michael Jackson,Bad
Michael Jackson,Off the Wall
Michael Jackson,Thriller
Michael Viner's Incredible Bongo Band,Bongo Rock
Mike Ladd,Welcome to the Afterfuture
Mike Oldfield,Tubular Bells
Miles Davis,Birth of the Cool
Miles Davis,Bitches Brew
Miles Davis,In a Silent Way
Miles Davis,Kind of Blue
Milton Nascimento & Lô Borges,Clube da Esquina
Miriam Makeba,Miriam Makeba
Missy Elliott,Supa Dupa Fly
MJ Cole,Sincere
Moby,Play
Moby Grape,Moby Grape
Modest Mouse,The Lonesome Crowded West
Modest Mouse,The Moon & Antarctica
"Monkees, The",Headquarters
"Monks, The",Black Monk Time
Mötorhead,Ace of Spades
Mott the Hoople,Mott
Muddy Waters,At Newport 1960
Muddy Waters,Folk Singer
My Bloody Valentine,Loveless
My Chemical Romance,The Black Parade
Nas,Illmatic
"National, The",Boxer
"National, The",High Violet
Natural Snow Buildings,The Dance of the Moon and the Sun
Neil Young,After the Gold Rush
Neil Young,Everybody Knows This Is Nowhere
Neil Young,Harvest
Neil Young,On the Beach
Neil Young,Rust Never Sleeps
Neil Young,Tonight's the Night
Neneh Cherry,Raw Like Sushi
Neu!,Neu!
Neu!,Neu! '75
Neutral Milk Hotel,In the Aeroplane Over the Sea
New Order,"Power, Corruption & Lies"
New Order,Technique
"New York Dolls, The",New York Dolls
Nick Cave and the Bad Seeds,Ghosteen
Nick Cave and the Bad Seeds,Let Love In
Nick Cave and the Bad Seeds,Murder Ballads
Nick Cave and the Bad Seeds,The Boatman's Call
Nick Drake,Bryter Layter
Nick Drake,Five Leaves Left
Nick Drake,Pink Moon
Nico,Chelsea Girl
Nightmares on Wax,Smoker's Delight
Nine Inch Nails,Pretty Hate Machine
Nine Inch Nails,The Downward Spiral
Nirvana,In Utero
Nirvana,MTV Unplugged in New York
Nirvana,Nevermind
Nitin Sawhney,Beyond Skin
Nitty Gritty Dirt Band,Will the Circle Be Unbroken
"Notorious B.I.G., The",Life After Death
"Notorious B.I.G., The",Ready to Die
Oasis,(What's the Story) Morning Glory?
Oasis,Definitely Maybe
"Offspring, The",Smash
Ol' Dirty Bastard,Return to the 36 Chambers: The Dirty Version
Os Mutantes,Os Mutantes
Otis Redding,Otis Blue/Otis Redding Sings Soul
Otis Redding,The Dock of the Bay
OutKast,Aquemini
OutKast,Speakerboxxx/The Love Below
OutKast,Stankonia
Paul McCartney,Ram
Paul McCartney & Wings,Band on the Run
Paul Revere & The Raiders,Midnight Ride
Paul Simon,Graceland
Paul Simon,Paul Simon
Pavement,"Crooked Rain, Crooked Rain"
Pavement,Slanted and Enchanted
Pearl Jam,Ten
Pearl Jam,Vs.
Pentangle,Basket of Light
Peter Frampton,Frampton Comes Alive!
Peter Gabriel,Peter Gabriel (III/Melt)
Peter Gabriel,So
Phil Spector,A Christmas Gift for You from Phil Spector
Pink Floyd,Animals
Pink Floyd,The Dark Side of the Moon
Pink Floyd,The Piper at the Gates of Dawn
Pink Floyd,The Wall
Pink Floyd,Wish You Were Here
Pixies,Doolittle
Pixies,Surfer Rosa
PJ Harvey,Dry
PJ Harvey,Let England Shake
PJ Harvey,Rid of Me
PJ Harvey,"Stories from the City, Stories from the Sea"
PJ Harvey,To Bring You My Love
"Pogues, The",Rum Sodomy & the Lash
"Police, The",Outlandos d'Amour
"Police, The",Synchronicity
Portishead,Dummy
Portishead,Third
"Postal Service, The",Give Up
Prefab Sprout,Steve McQueen
Pretenders,Pretenders
"Pretty Things, The",S.F. Sorrow
Primal Scream,Screamadelica
Prince,1999
Prince,Dirty Mind
Prince,"Sign ""O"" the Times"
Prince and The Revolution,Parade
Prince and The Revolution,Purple Rain
"Prodigy, The",The Fat of the Land
Public Enemy,Fear of a Black Planet
Public Enemy,It Takes a Nation of Millions to Hold Us Back
Pulp,Different Class
Pulp,His 'n' Hers
Pulp,This Is Hardcore
Queen,A Night at the Opera
Queen,Queen II
Queen,Sheer Heart Attack
Queens of the Stone Age,Queens of the Stone Age
Queens of the Stone Age,Songs for the Deaf
Quicksilver Messenger Service,Happy Trails
R.E.M.,Automatic for the People
R.E.M.,Document
R.E.M.,Murmur
R.E.M.,Out of Time
Radiohead,A Moon Shaped Pool
Radiohead,Amnesiac
Radiohead,In Rainbows
Radiohead,Kid A
Radiohead,OK Computer
Radiohead,The Bends
Raekwon,Only Built 4 Cuban Linx...
Rage Against the Machine,Rage Against the Machine
Ramblin' Jack Elliott,Jack Takes the Floor
Ramones,Ramones
Ramones,Rocket to Russia
Randy Newman,Good Old Boys
Randy Newman,Sail Away
Ravi Shankar,The Sounds of India
Ray Charles,Modern Sounds in Country and Western Music
Ray Charles,The Genius of Ray Charles
Ray Price,Night Life
Red Hot Chili Peppers,Blood Sugar Sex Magik
Red Hot Chili Peppers,Californication
"Replacements, The",Let It Be
Richard & Linda Thompson,I Want to See the Bright Lights Tonight
Richard & Linda Thompson,Shoot Out the Lights
Rina Sawayama,Sawayama
Robert Wyatt,Rock Bottom
Robyn,Body Talk
Rocket from the Crypt,"Scream, Dracula, Scream!"
Rod Stewart,Every Picture Tells a Story
Rod Stewart,Gasoline Alley
"Rolling Stones, The",Aftermath
"Rolling Stones, The",Beggars Banquet
"Rolling Stones, The",Exile on Main St.
"Rolling Stones, The",Let It Bleed
"Rolling Stones, The",Sticky Fingers
"Rolling Stones, The",The Rolling Stones
"Roots, The",Things Fall Apart
Rosalía,El Mal Querer
Roxy Music,Avalon
Roxy Music,Country Life
Roxy Music,For Your Pleasure
Roxy Music,Roxy Music
Run-D.M.C.,Raising Hell
Sabu,Palo Congo
Sam Cooke,"Live at the Harlem Square Club, 1963"
Sam Cooke,Night Beat
Santana,Abraxas
Sarah Vaughan,Sarah Vaughan at Mister Kelly's
Scott Walker,Scott 2
Scott Walker,Scott 4
Screaming Trees,Dust
"Sensational Alex Harvey Band, The",Next
Serge Gainsbourg,Histoire de Melody Nelson
Sex Pistols,"Never Mind the Bollocks, Here's the Sex Pistols"
Shack,H.M.S. Fable
"Shins, The",Chutes Too Narrow
"Shivkumar Sharma, Brijbushan Kabra & Hariprasad Chaurasia",Call of the Valley
Sigur Rós,( )
Sigur Rós,Ágætis byrjun
Simon & Garfunkel,Bookends
Simon & Garfunkel,Bridge Over Troubled Water
Simon & Garfunkel,"Parsley, Sage, Rosemary and Thyme"
Skunk Anansie,Post Orgasmic Chill
Slade,Slayed?
Slipknot,Iowa
Slipknot,Slipknot
"Slits, The",Cut
Slowdive,Souvlaki
Sly and the Family Stone,Stand!
Sly and the Family Stone,There's a Riot Goin' On
"Small Faces, The",Ogdens' Nut Gone Flake
Smashing Pumpkins,Mellon Collie and the Infinite Sadness
Smashing Pumpkins,Siamese Dream
"Smiths, The",Meat Is Murder
"Smiths, The","Strangeways, Here We Come"
"Smiths, The",The Queen Is Dead
"Smiths, The",The Smiths
Snoop Doggy Dogg,Doggystyle
Soft Machine,Third
Solange,A Seat at the Table
Solomon Burke,Rock 'n' Soul
Sonic Youth,Daydream Nation
Sonic Youth,Goo
Sonic Youth,Sister
"Sonics, The",Here Are The Sonics!!!
Sparks,Kimono My House
"Specials, The",The Specials
Spirit,Twelve Dreams of Dr. Sardonicus
Spiritualized,Ladies and Gentlemen We Are Floating in Space
Spoon,Kill the Moonlight
St. Vincent,St. Vincent
St. Vincent,Strange Mercy
Stan Getz & Charlie Byrd,Jazz Samba
Stan Getz & João Gilberto,Getz/Gilberto
Steely Dan,Aja
Steely Dan,Can't Buy a Thrill
Steely Dan,Countdown to Ecstasy
Steely Dan,Pretzel Logic
Stephen Stills,Stephen Stills
Stereolab,Dots and Loops
Stereolab,Emperor Tomato Ketchup
Steve Winwood,Arc of a Diver
Stevie Wonder,Fulfillingness' First Finale
Stevie Wonder,Innervisions
Stevie Wonder,Songs in the Key of Life
Stevie Wonder,Talking Book
"Stone Roses, The",The Stone Roses
"Stooges, The",Fun House
"Stooges, The",The Stooges
"Strokes, The",Is This It
Suba,São Paulo Confessions
Sufjan Stevens,Carrie & Lowell
Sufjan Stevens,Illinois
Suicide,Suicide
Super Furry Animals,Fuzzy Logic
Supergrass,I Should Coco
Supertramp,Breakfast in America
Supertramp,Crime of the Century
Swans,To Be Kind
Syd Barrett,The Madcap Laughs
System of a Down,System of a Down
System of a Down,Toxicity
T. Rex,Electric Warrior
T. Rex,The Slider
Talking Heads,Fear of Music
Talking Heads,Remain in Light
Talking Heads,Speaking in Tongues
Talvin Singh,OK
Tame Impala,Currents
Tame Impala,Lonerism
Tangerine Dream,Phaedra
Taylor Swift,1989
Taylor Swift,Folklore
"Teardrop Explodes, The",Kilimanjaro
Tears for Fears,Songs from the Big Chair
Television,Marquee Moon
"Temptations, The",All Directions
"Temptations, The",Cloud Nine
TLC,CrazySexyCool
Todd Rundgren,"A Wizard, a True Star"
Todd Rundgren,Something/Anything?
Tom Petty and the Heartbreakers,Damn the Torpedoes
Tom Waits,Bone Machine
Tom Waits,Rain Dogs
Tom Waits,Swordfishtrombones
Tool,Lateralus
Tool,Ænima
Tortoise,Millions Now Living Will Never Die
Traffic,John Barleycorn Must Die
Traffic,Traffic
Travis,The Man Who
Tricky,Maxinquaye
Turbonegro,Apocalypse Dudes
U2,Achtung Baby
U2,The Joshua Tree
U2,War
"Undertones, The",The Undertones
Underworld,Second Toughest in the Infants
"United States of America, The",The United States of America
Vampire Weekend,Modern Vampires of the City
Vampire Weekend,Vampire Weekend
Van Halen,Van Halen
Van Morrison,Astral Weeks
Van Morrison,It's Too Late to Stop Now
Van Morrison,Moondance
"Velvet Underground, The",The Velvet Underground
"Velvet Underground, The",White Light/White Heat
"Velvet Underground, The & Nico",The Velvet Underground & Nico
"Verve, The",A Northern Soul
"Verve, The",Urban Hymns
Violent Femmes,Violent Femmes
War,The World Is a Ghetto
"War on Drugs, The",Lost in the Dream
Waylon Jennings,Honky Tonk Heroes
Weezer,Pinkerton
Weezer,Weezer (The Blue Album)
"White Stripes, The",Elephant
"White Stripes, The",White Blood Cells
"Who, The",Live at Leeds
"Who, The",My Generation
"Who, The",Quadrophenia
"Who, The",The Who Sell Out
"Who, The",Tommy
"Who, The",Who's Next
Wilco,Being There
Wilco,Yankee Hotel Foxtrot
Wire,Pink Flag
Wu-Tang Clan,Enter the Wu-Tang (36 Chambers)
XTC,Apple Venus Volume 1
XTC,Skylarking
"xx, The",xx
"Yardbirds, The",Roger the Engineer
Yes,Close to the Edge
Yes,Fragile
Yes,The Yes Album
"Young Rascals, The",Groovin'
"Youngbloods, The",Elephant Mountain
"Zombies, The",Odessey and Oracle
ZZ Top,Tres Hombres